SENDER,TEXTS,‚ù§Ô∏è,üòç,üíñ,üß°,üíï,üòò,ü•∞,LOVE.M,LOVE.H,LOVE.B,LOVE.Me,LOVE,üòÇ,EMOS,EMOS.M,EMOS.H,EMOS.B,EMOS.Me,EMOS,!,EXC.M,EXC.H,EXC.B,EXC.Me,CAPS,CAPS.M,CAPS.H,CAPS.B,CAPS.Me,CALL,RELEVANCE
Housies1, HIHIHI sebuah jalan yang dibukakanü§™,0,0,0,0,0,0,0,0,0,0,0,0,,1,0,1,0,0,2,0,0,0,0,0,FALSE,FALSE,FALSE,FALSE,FALSE,FALSE,STAY
Me.M, ‚ù§Ô∏è,1,0,0,0,0,0,0,0,0,0,1,1,üòå,0,0,0,0,0,0,0,0,0,0,0,TRUE,FALSE,FALSE,FALSE,TRUE,FALSE,STAY
Housies1, ‚ù§Ô∏è,1,0,0,0,0,0,0,0,1,0,0,1,üëç,0,0,0,0,0,0,0,0,0,0,0,TRUE,FALSE,TRUE,FALSE,FALSE,FALSE,STAY
Me.M, ‚ù§Ô∏è‚ù§Ô∏è,2,0,0,0,0,0,0,0,0,0,2,2,üôèüèº,0,0,0,0,0,0,0,0,0,0,0,TRUE,FALSE,FALSE,FALSE,TRUE,FALSE,STAY
Me.M," ‚ù§Ô∏è‚ù§Ô∏è ade kamis besok vaksin mam, bareng Sharen",2,0,0,0,0,0,0,0,0,0,2,2,üò±,0,0,0,0,0,0,0,0,0,0,0,FALSE,FALSE,FALSE,FALSE,FALSE,FALSE,STAY
Me.M, ‚ù§Ô∏è‚ù§Ô∏è‚ù§Ô∏è,3,0,0,0,0,0,0,0,0,0,3,3,‚ò∫Ô∏è,0,0,0,0,0,0,0,0,0,0,0,TRUE,FALSE,FALSE,FALSE,TRUE,FALSE,STAY
Mom, ‚ù§Ô∏èü§ó,1,0,0,0,0,0,0,1,0,0,0,1,üôà,0,0,0,0,0,0,0,0,0,0,0,TRUE,TRUE,FALSE,FALSE,FALSE,FALSE,STAY
Me.M, üíï,0,0,0,0,1,0,0,0,0,0,1,1,ü•≤,0,0,0,0,0,0,0,0,0,0,0,TRUE,FALSE,FALSE,FALSE,TRUE,FALSE,STAY
Me.H, üíñüíñüíñüíñ,0,0,4,0,0,0,0,0,0,0,4,4,üòâ,0,0,0,0,0,0,0,0,0,0,0,TRUE,FALSE,FALSE,FALSE,TRUE,FALSE,STAY
Mom, ü§ó,0,0,0,0,0,0,0,0,0,0,0,0,üòÜ,0,0,0,0,0,0,0,0,0,0,0,TRUE,TRUE,FALSE,FALSE,FALSE,FALSE,STAY
Mom, ü§óü§óü§ó,0,0,0,0,0,0,0,0,0,0,0,0,ü§™,0,0,0,0,0,0,0,0,0,0,0,TRUE,TRUE,FALSE,FALSE,FALSE,FALSE,STAY
Me.H, ü§£ü§£ saya udah ganti baju balik kasurü§£ü§£ü§£,0,0,0,0,0,0,0,0,0,0,0,0,,5,0,0,0,5,10,0,0,0,0,0,FALSE,FALSE,FALSE,FALSE,FALSE,FALSE,STAY
Mom, ü§£ü§£ü§£,0,0,0,0,0,0,0,0,0,0,0,0,,3,3,0,0,0,6,0,0,0,0,0,TRUE,TRUE,FALSE,FALSE,FALSE,FALSE,STAY
Mom, ü§£ü§£ü§£,0,0,0,0,0,0,0,0,0,0,0,0,,3,3,0,0,0,6,0,0,0,0,0,TRUE,TRUE,FALSE,FALSE,FALSE,FALSE,STAY
Mom, ü§£ü§£ü§£,0,0,0,0,0,0,0,0,0,0,0,0,,3,3,0,0,0,6,0,0,0,0,0,TRUE,TRUE,FALSE,FALSE,FALSE,FALSE,STAY
Me.M, ü§£ü§£ü§£,0,0,0,0,0,0,0,0,0,0,0,0,,3,0,0,0,3,6,0,0,0,0,0,TRUE,FALSE,FALSE,FALSE,TRUE,FALSE,STAY
Housies1, ü§£ü§£ü§£,0,0,0,0,0,0,0,0,0,0,0,0,,3,0,3,0,0,6,0,0,0,0,0,TRUE,FALSE,TRUE,FALSE,FALSE,FALSE,STAY
Housies1, ü§™ü§™ü§™ü§™üòÇüòÇ,0,0,0,0,0,0,0,0,0,0,0,0,,6,0,6,0,0,12,0,0,0,0,0,TRUE,FALSE,TRUE,FALSE,FALSE,FALSE,STAY
Me.M, ü•∞ü•∞,0,0,0,0,0,0,2,0,0,0,2,2,,0,0,0,0,0,0,0,0,0,0,0,TRUE,FALSE,FALSE,FALSE,TRUE,FALSE,STAY
Housies2, ü•≥ü•≥ mandiii,0,0,0,0,0,0,0,0,0,0,0,0,,2,0,2,0,0,4,0,0,0,0,0,FALSE,FALSE,FALSE,FALSE,FALSE,FALSE,STAY
Me.H, ü•≥ü•≥ü•≥ü•≥ü•≥,0,0,0,0,0,0,0,0,0,0,0,0,,5,0,0,0,5,10,0,0,0,0,0,TRUE,FALSE,FALSE,FALSE,TRUE,FALSE,STAY
Me.M, ü•∫,0,0,0,0,0,0,0,0,0,0,0,0,,1,0,0,0,1,2,0,0,0,0,0,TRUE,FALSE,FALSE,FALSE,TRUE,FALSE,STAY
Me.H, ü•∫‚ù§Ô∏è,1,0,0,0,0,0,0,0,0,0,1,1,,1,0,0,0,1,2,0,0,0,0,0,TRUE,FALSE,FALSE,FALSE,TRUE,FALSE,STAY
Housies2, üòÇ,0,0,0,0,0,0,0,0,0,0,0,0,,1,0,1,0,0,2,0,0,0,0,0,TRUE,FALSE,TRUE,FALSE,FALSE,FALSE,STAY
Housies2, üòÇ,0,0,0,0,0,0,0,0,0,0,0,0,,1,0,1,0,0,2,0,0,0,0,0,TRUE,FALSE,TRUE,FALSE,FALSE,FALSE,STAY
Housies1, üòÇ,0,0,0,0,0,0,0,0,0,0,0,0,,1,0,1,0,0,2,0,0,0,0,0,TRUE,FALSE,TRUE,FALSE,FALSE,FALSE,STAY
Housies1, üòÇ,0,0,0,0,0,0,0,0,0,0,0,0,,1,0,1,0,0,2,0,0,0,0,0,TRUE,FALSE,TRUE,FALSE,FALSE,FALSE,STAY
Housies1, üòÇ,0,0,0,0,0,0,0,0,0,0,0,0,,1,0,1,0,0,2,0,0,0,0,0,TRUE,FALSE,TRUE,FALSE,FALSE,FALSE,STAY
Me.M, üòÇüòÇ,0,0,0,0,0,0,0,0,0,0,0,0,,2,0,0,0,2,4,0,0,0,0,0,TRUE,FALSE,FALSE,FALSE,TRUE,FALSE,STAY
Me.H, üòÇüòÇ,0,0,0,0,0,0,0,0,0,0,0,0,,2,0,0,0,2,4,0,0,0,0,0,TRUE,FALSE,FALSE,FALSE,TRUE,FALSE,STAY
Housies2, üòÇüòÇ,0,0,0,0,0,0,0,0,0,0,0,0,,2,0,2,0,0,4,0,0,0,0,0,TRUE,FALSE,TRUE,FALSE,FALSE,FALSE,STAY
Housies2, üòÇüòÇ,0,0,0,0,0,0,0,0,0,0,0,0,,2,0,2,0,0,4,0,0,0,0,0,TRUE,FALSE,TRUE,FALSE,FALSE,FALSE,STAY
Housies2, üòÇüòÇ,0,0,0,0,0,0,0,0,0,0,0,0,,2,0,2,0,0,4,0,0,0,0,0,TRUE,FALSE,TRUE,FALSE,FALSE,FALSE,STAY
Me.M, üòÇüòÇ hahahaa,0,0,0,0,0,0,0,0,0,0,0,0,,2,0,0,0,2,4,0,0,0,0,0,FALSE,FALSE,FALSE,FALSE,FALSE,FALSE,STAY
Me.H, üòÇüòÇ omgg,0,0,0,0,0,0,0,0,0,0,0,0,,2,0,0,0,2,4,0,0,0,0,0,FALSE,FALSE,FALSE,FALSE,FALSE,FALSE,STAY
Me.H, üòÇüòÇüòÇ,0,0,0,0,0,0,0,0,0,0,0,0,,3,0,0,0,3,6,0,0,0,0,0,TRUE,FALSE,FALSE,FALSE,TRUE,FALSE,STAY
Housies1, üòÇüòÇüòÇ,0,0,0,0,0,0,0,0,0,0,0,0,,3,0,3,0,0,6,0,0,0,0,0,TRUE,FALSE,TRUE,FALSE,FALSE,FALSE,STAY
Housies1, üòÇüòÇüòÇ,0,0,0,0,0,0,0,0,0,0,0,0,,3,0,3,0,0,6,0,0,0,0,0,TRUE,FALSE,TRUE,FALSE,FALSE,FALSE,STAY
Me.H, üòÇüòÇüòÇ HAHAHHAA BUNDA,0,0,0,0,0,0,0,0,0,0,0,0,,3,0,0,0,3,6,0,0,0,0,0,TRUE,FALSE,FALSE,FALSE,TRUE,FALSE,STAY
Me.H, üòÇüòÇüòÇ kirain delayy auspost,0,0,0,0,0,0,0,0,0,0,0,0,,3,0,0,0,3,6,0,0,0,0,0,FALSE,FALSE,FALSE,FALSE,FALSE,FALSE,STAY
Housies2, üòÇüòÇüòÇ samaaa tdi i ketemu dia pas kluar dri toilet,0,0,0,0,0,0,0,0,0,0,0,0,,3,0,3,0,0,6,0,0,0,0,0,FALSE,FALSE,FALSE,FALSE,FALSE,FALSE,STAY
Me.H, üòÇüòÇüòÇüòÇ,0,0,0,0,0,0,0,0,0,0,0,0,,4,0,0,0,4,8,0,0,0,0,0,TRUE,FALSE,FALSE,FALSE,TRUE,FALSE,STAY
Housies2, üòÇüòÇüòÇüòÇ,0,0,0,0,0,0,0,0,0,0,0,0,,4,0,4,0,0,8,0,0,0,0,0,TRUE,FALSE,TRUE,FALSE,FALSE,FALSE,STAY
Housies1, üòÇüòÇüòÇüòÇ,0,0,0,0,0,0,0,0,0,0,0,0,,4,0,4,0,0,8,0,0,0,0,0,TRUE,FALSE,TRUE,FALSE,FALSE,FALSE,STAY
Housies2, üòÇüòÇüòÇüòÇüòÇ,0,0,0,0,0,0,0,0,0,0,0,0,,5,0,5,0,0,10,0,0,0,0,0,TRUE,FALSE,TRUE,FALSE,FALSE,FALSE,STAY
Housies1, üòÇüòÇüòÇüòÇüòÇ,0,0,0,0,0,0,0,0,0,0,0,0,,5,0,5,0,0,10,0,0,0,0,0,TRUE,FALSE,TRUE,FALSE,FALSE,FALSE,STAY
Housies1, üòÇüòÇüòÇyeahhh I meant for it to be my afternoon workout sekalian wkwk,0,0,0,0,0,0,0,0,0,0,0,0,,3,0,3,0,0,6,0,0,0,0,0,FALSE,FALSE,FALSE,FALSE,FALSE,FALSE,STAY
Mom, üòÉ,0,0,0,0,0,0,0,0,0,0,0,0,,1,1,0,0,0,2,0,0,0,0,0,TRUE,TRUE,FALSE,FALSE,FALSE,FALSE,STAY
Mom, üòÖ,0,0,0,0,0,0,0,0,0,0,0,0,,0,0,0,0,0,0,0,0,0,0,0,TRUE,TRUE,FALSE,FALSE,FALSE,FALSE,STAY
Housies1, üòå,0,0,0,0,0,0,0,0,0,0,0,0,,1,0,1,0,0,2,0,0,0,0,0,TRUE,FALSE,TRUE,FALSE,FALSE,FALSE,STAY
Me.H, üòç,0,1,0,0,0,0,0,0,0,0,1,1,,0,0,0,0,0,0,0,0,0,0,0,TRUE,FALSE,FALSE,FALSE,TRUE,FALSE,STAY
Me.H, üòçüòçüòç,0,3,0,0,0,0,0,0,0,0,3,3,,0,0,0,0,0,0,0,0,0,0,0,TRUE,FALSE,FALSE,FALSE,TRUE,FALSE,STAY
Me.H, üòçüòçüòç adding to list,0,3,0,0,0,0,0,0,0,0,3,3,,0,0,0,0,0,0,0,0,0,0,0,FALSE,FALSE,FALSE,FALSE,FALSE,FALSE,STAY
Housies1, üòçüòçüòçü•≥ü•≥ü•≥Wihiiiyy!!!!!!!!!!!,0,3,0,0,0,0,0,0,3,0,0,3,,3,0,3,0,0,6,11,0,11,0,0,FALSE,FALSE,FALSE,FALSE,FALSE,FALSE,STAY
Housies2, üòçüòçüòçüòç,0,4,0,0,0,0,0,0,4,0,0,4,,0,0,0,0,0,0,0,0,0,0,0,TRUE,FALSE,TRUE,FALSE,FALSE,FALSE,STAY
Housies1, üòçüòçüòçüòç,0,4,0,0,0,0,0,0,4,0,0,4,,0,0,0,0,0,0,0,0,0,0,0,TRUE,FALSE,TRUE,FALSE,FALSE,FALSE,STAY
Me.M, üò≠üò≠,0,0,0,0,0,0,0,0,0,0,0,0,,0,0,0,0,0,0,0,0,0,0,0,TRUE,FALSE,FALSE,FALSE,TRUE,FALSE,STAY
Housies1, üò≠hahaha,0,0,0,0,0,0,0,0,0,0,0,0,,1,0,1,0,0,2,0,0,0,0,0,FALSE,FALSE,FALSE,FALSE,FALSE,FALSE,STAY
Housies1, üò±,0,0,0,0,0,0,0,0,0,0,0,0,,1,0,1,0,0,2,0,0,0,0,0,TRUE,FALSE,TRUE,FALSE,FALSE,FALSE,STAY
Housies2, üò±üò±üò±,0,0,0,0,0,0,0,0,0,0,0,0,,3,0,3,0,0,6,0,0,0,0,0,TRUE,FALSE,TRUE,FALSE,FALSE,FALSE,STAY
Housies1, üôèüèº,0,0,0,0,0,0,0,0,0,0,0,0,,2,0,2,0,0,4,0,0,0,0,0,TRUE,FALSE,TRUE,FALSE,FALSE,FALSE,STAY
Me.H, $20 jessiee thank youu‚ò∫Ô∏è,0,0,0,0,0,0,0,0,0,0,0,0,,1,0,0,0,1,2,0,0,0,0,0,FALSE,FALSE,FALSE,FALSE,FALSE,FALSE,STAY
Housies1, 10.35 I FOUND OUT,0,0,0,0,0,0,0,0,0,0,0,0,,0,0,0,0,0,0,0,0,0,0,0,TRUE,FALSE,TRUE,FALSE,FALSE,FALSE,STAY
Mom, Aaah iyaa üòç,0,1,0,0,0,0,0,1,0,0,0,1,,0,0,0,0,0,0,0,0,0,0,0,FALSE,FALSE,FALSE,FALSE,FALSE,FALSE,STAY
Housies1, Ada satu yang kosongg. Tapi tadi i was in rush jd gakeburu bawa masuküôà,0,0,0,0,0,0,0,0,0,0,0,0,,1,0,1,0,0,2,0,0,0,0,0,FALSE,FALSE,FALSE,FALSE,FALSE,FALSE,STAY
Me.M, Ada tanah kosongüòÇ,0,0,0,0,0,0,0,0,0,0,0,0,,1,0,0,0,1,2,0,0,0,0,0,FALSE,FALSE,FALSE,FALSE,FALSE,FALSE,STAY
Mom, Ade ü§ó,0,0,0,0,0,0,0,0,0,0,0,0,,1,1,0,0,0,2,0,0,0,0,0,FALSE,FALSE,FALSE,FALSE,FALSE,FALSE,STAY
Me.M, Ade‚Äôs project got accepted for the grantt ‚ù§Ô∏èü•∞,1,0,0,0,0,0,1,0,0,0,2,2,,0,0,0,0,0,0,0,0,0,0,0,FALSE,FALSE,FALSE,FALSE,FALSE,FALSE,STAY
Mom, All the time ‚ù§Ô∏èüôèüèª,1,0,0,0,0,0,0,1,0,0,0,1,,0,0,0,0,0,0,0,0,0,0,0,FALSE,FALSE,FALSE,FALSE,FALSE,FALSE,STAY
Housies1, ALL wrongüòÇ,0,0,0,0,0,0,0,0,0,0,0,0,,1,0,1,0,0,2,0,0,0,0,0,FALSE,FALSE,FALSE,FALSE,FALSE,FALSE,STAY
Mom," Amin üôèüèª pelan tapi maju, ga jalan di tempat ‚ù§Ô∏èüòò",1,0,0,0,0,1,0,2,0,0,0,2,,0,0,0,0,0,0,0,0,0,0,0,FALSE,FALSE,FALSE,FALSE,FALSE,FALSE,STAY
Me.H, and do we want chipsüôà,0,0,0,0,0,0,0,0,0,0,0,0,,1,0,0,0,1,2,0,0,0,0,0,FALSE,FALSE,FALSE,FALSE,FALSE,FALSE,STAY
Me.H, Anyone need groceries guys? ‚ò∫Ô∏è,0,0,0,0,0,0,0,0,0,0,0,0,,1,0,0,0,1,2,0,0,0,0,0,FALSE,FALSE,FALSE,FALSE,FALSE,FALSE,STAY
Me.M, Atuh blm keluar sebulan HAHAHA,0,0,0,0,0,0,0,0,0,0,0,0,,0,0,0,0,0,0,0,0,0,0,0,TRUE,FALSE,FALSE,FALSE,TRUE,FALSE,STAY
Mom, Biasanya jongkok ampe sakit pinggang ü§£,0,0,0,0,0,0,0,0,0,0,0,0,,1,1,0,0,0,2,0,0,0,0,0,FALSE,FALSE,FALSE,FALSE,FALSE,FALSE,STAY
Housies1, Can i titip cake from here I ngidamüòÇ,0,0,0,0,0,0,0,0,0,0,0,0,,1,0,1,0,0,2,0,0,0,0,0,FALSE,FALSE,FALSE,FALSE,FALSE,FALSE,STAY
Me.H, Cannn‚ù§Ô∏è,1,0,0,0,0,0,0,0,0,0,1,1,,0,0,0,0,0,0,0,0,0,0,0,FALSE,FALSE,FALSE,FALSE,FALSE,FALSE,STAY
Housies1, Delay*üòÇ,0,0,0,0,0,0,0,0,0,0,0,0,,1,0,1,0,0,2,0,0,0,0,0,FALSE,FALSE,FALSE,FALSE,FALSE,FALSE,STAY
Mom," Di saat situasi kyk gini.. itu tuh jd 1 berkat ya, bahagia bgt ‚ù§Ô∏è",1,0,0,0,0,0,0,1,0,0,0,1,,0,0,0,0,0,0,0,0,0,0,0,FALSE,FALSE,FALSE,FALSE,FALSE,FALSE,STAY
Housies1, Dia uda pack blm?üôà,0,0,0,0,0,0,0,0,0,0,0,0,,1,0,1,0,0,2,0,0,0,0,0,FALSE,FALSE,FALSE,FALSE,FALSE,FALSE,STAY
Housies1, Eh dia gak ada siomay ya nevermindüòÇ,0,0,0,0,0,0,0,0,0,0,0,0,,1,0,1,0,0,2,0,0,0,0,0,FALSE,FALSE,FALSE,FALSE,FALSE,FALSE,STAY
Housies1, Eh jo I kurang 5 dollar sekalian ya dari beras kmrn‚ò∫Ô∏è,0,0,0,0,0,0,0,0,0,0,0,0,,1,0,1,0,0,2,0,0,0,0,0,FALSE,FALSE,FALSE,FALSE,FALSE,FALSE,STAY
Me.H, EHH GPAPA,0,0,0,0,0,0,0,0,0,0,0,0,,0,0,0,0,0,0,0,0,0,0,0,TRUE,FALSE,FALSE,FALSE,TRUE,FALSE,STAY
Housies1, Ehh how much was the cake yahh?üòÜ,0,0,0,0,0,0,0,0,0,0,0,0,,1,0,1,0,0,2,0,0,0,0,0,FALSE,FALSE,FALSE,FALSE,FALSE,FALSE,STAY
Mom," Ga de, pak yudi sama tkg kebun yg biasa le rmh üòÇ",0,0,0,0,0,0,0,0,0,0,0,0,,1,1,0,0,0,2,0,0,0,0,0,FALSE,FALSE,FALSE,FALSE,FALSE,FALSE,STAY
Mom, Ga pelan pelan jg siiih üôÑ,0,0,0,0,0,0,0,0,0,0,0,0,,1,1,0,0,0,2,0,0,0,0,0,FALSE,FALSE,FALSE,FALSE,FALSE,FALSE,STAY
Housies2, Goodmorningg maap telatüôà,0,0,0,0,0,0,0,0,0,0,0,0,,1,0,1,0,0,2,0,0,0,0,0,FALSE,FALSE,FALSE,FALSE,FALSE,FALSE,STAY
Mom," Gpp de ‚ò∫Ô∏è kpn aja ade mau telp, lemme know ya ü§ó",0,0,0,0,0,0,0,0,0,0,0,0,,1,1,0,0,0,2,0,0,0,0,0,FALSE,FALSE,FALSE,FALSE,FALSE,FALSE,STAY
Housies1, guys dis gud ‚ù§Ô∏è hihi sparkshorts di disney,1,0,0,0,0,0,0,0,1,0,0,1,,0,0,0,0,0,0,0,0,0,0,0,FALSE,FALSE,FALSE,FALSE,FALSE,FALSE,STAY
Me.H, Guys idk how to say this but our bins are missing??? ü•≤ü•≤ü•≤,0,0,0,0,0,0,0,0,0,0,0,0,,3,0,0,0,3,6,0,0,0,0,0,FALSE,FALSE,FALSE,FALSE,FALSE,FALSE,STAY
Me.H, Guys idm split thoüòÇ,0,0,0,0,0,0,0,0,0,0,0,0,,1,0,0,0,1,2,0,0,0,0,0,FALSE,FALSE,FALSE,FALSE,FALSE,FALSE,STAY
Housies1, Guys quick late night üí©-related yet necessary quesfion(?)ü§£,0,0,0,0,0,0,0,0,0,0,0,0,,1,0,1,0,0,2,0,0,0,0,0,FALSE,FALSE,FALSE,FALSE,FALSE,FALSE,STAY
Me.H, HAHA LUCU BGTT,0,0,0,0,0,0,0,0,0,0,0,0,,0,0,0,0,0,0,0,0,0,0,0,TRUE,FALSE,FALSE,FALSE,TRUE,FALSE,STAY
Me.H, HAHA SO CUTE,0,0,0,0,0,0,0,0,0,0,0,0,,0,0,0,0,0,0,0,0,0,0,0,TRUE,FALSE,FALSE,FALSE,TRUE,FALSE,STAY
Housies1, HAHAHA salah yaü§£,0,0,0,0,0,0,0,0,0,0,0,0,,1,0,1,0,0,2,0,0,0,0,0,FALSE,FALSE,FALSE,FALSE,FALSE,FALSE,STAY
Mom," Hahaha.. abis tdnya kumuh gt kesannya, sekrg lbh fresh üòÅ",0,0,0,0,0,0,0,0,0,0,0,0,,1,1,0,0,0,2,0,0,0,0,0,FALSE,FALSE,FALSE,FALSE,FALSE,FALSE,STAY
Housies2, Hahahah dua2 nya ilang?üòÇ,0,0,0,0,0,0,0,0,0,0,0,0,,1,0,1,0,0,2,0,0,0,0,0,FALSE,FALSE,FALSE,FALSE,FALSE,FALSE,STAY
Me.H, HAHAHAH THANK UUU,0,0,0,0,0,0,0,0,0,0,0,0,,0,0,0,0,0,0,0,0,0,0,0,TRUE,FALSE,FALSE,FALSE,TRUE,FALSE,STAY
Housies1, HahahahaüòÇgogetfuuuuud,0,0,0,0,0,0,0,0,0,0,0,0,,1,0,1,0,0,2,0,0,0,0,0,FALSE,FALSE,FALSE,FALSE,FALSE,FALSE,STAY
Housies1, HahahahahüòÇüòÇüòÇ,0,0,0,0,0,0,0,0,0,0,0,0,,3,0,3,0,0,6,0,0,0,0,0,FALSE,FALSE,FALSE,FALSE,FALSE,FALSE,STAY
Housies1, HAHAHAHAHA,0,0,0,0,0,0,0,0,0,0,0,0,,0,0,0,0,0,0,0,0,0,0,0,TRUE,FALSE,TRUE,FALSE,FALSE,FALSE,STAY
Housies1, HAHAHAHAHHA,0,0,0,0,0,0,0,0,0,0,0,0,,0,0,0,0,0,0,0,0,0,0,0,TRUE,FALSE,TRUE,FALSE,FALSE,FALSE,STAY
Housies1, HAHAHHAHAü§£ü§£ü§£,0,0,0,0,0,0,0,0,0,0,0,0,,3,0,3,0,0,6,0,0,0,0,0,TRUE,FALSE,TRUE,FALSE,FALSE,FALSE,STAY
Housies1, HAHAHHAHAHAJJAJA,0,0,0,0,0,0,0,0,0,0,0,0,,0,0,0,0,0,0,0,0,0,0,0,TRUE,FALSE,TRUE,FALSE,FALSE,FALSE,STAY
Mom, Happy for you ade üòòü§ó,0,0,0,0,0,1,0,1,0,0,0,1,,0,0,0,0,0,0,0,0,0,0,0,FALSE,FALSE,FALSE,FALSE,FALSE,FALSE,STAY
Me.M, Happy sunday mamii‚ù§Ô∏è,1,0,0,0,0,0,0,0,0,0,1,1,,0,0,0,0,0,0,0,0,0,0,0,FALSE,FALSE,FALSE,FALSE,FALSE,FALSE,STAY
Mom, Happy sunday ya ade ‚ù§Ô∏è,1,0,0,0,0,0,0,1,0,0,0,1,,0,0,0,0,0,0,0,0,0,0,0,FALSE,FALSE,FALSE,FALSE,FALSE,FALSE,STAY
Me.H, Helloo - i got us challah and croissants from baker bleu üòå ill put in the kitchen hihi help urself yaa(why did i just choose one type of croissants üòÇ stupid),0,0,0,0,0,0,0,0,0,0,0,0,,2,0,0,0,2,4,0,0,0,0,0,FALSE,FALSE,FALSE,FALSE,FALSE,FALSE,STAY
Housies1, HEMMMM,0,0,0,0,0,0,0,0,0,0,0,0,,0,0,0,0,0,0,0,0,0,0,0,TRUE,FALSE,TRUE,FALSE,FALSE,FALSE,STAY
Housies1, Hey housies I'm ordering fishbowl tonight (and maybe sometimes this week againü§£),0,0,0,0,0,0,0,0,0,0,0,0,,1,0,1,0,0,2,0,0,0,0,0,FALSE,FALSE,FALSE,FALSE,FALSE,FALSE,STAY
Me.M, Hihihiü•∞ü•∞ü•∞,0,0,0,0,0,0,3,0,0,0,3,3,,0,0,0,0,0,0,0,0,0,0,0,FALSE,FALSE,FALSE,FALSE,FALSE,FALSE,STAY
Housies1, Hm gud question ü§£,0,0,0,0,0,0,0,0,0,0,0,0,,1,0,1,0,0,2,0,0,0,0,0,FALSE,FALSE,FALSE,FALSE,FALSE,FALSE,STAY
Housies1, Hmmm gak kepikiranüòÇ are u guys getting anything,0,0,0,0,0,0,0,0,0,0,0,0,,1,0,1,0,0,2,0,0,0,0,0,FALSE,FALSE,FALSE,FALSE,FALSE,FALSE,STAY
Me.H, HMMMM,0,0,0,0,0,0,0,0,0,0,0,0,,0,0,0,0,0,0,0,0,0,0,0,TRUE,FALSE,FALSE,FALSE,TRUE,FALSE,STAY
Housies1, Hopefully notü§£,0,0,0,0,0,0,0,0,0,0,0,0,,1,0,1,0,0,2,0,0,0,0,0,FALSE,FALSE,FALSE,FALSE,FALSE,FALSE,STAY
Housies1, HOUSIES FYI,0,0,0,0,0,0,0,0,0,0,0,0,,0,0,0,0,0,0,0,0,0,0,0,TRUE,FALSE,TRUE,FALSE,FALSE,FALSE,STAY
Housies1, housiessss wanna order grilld (40% off) tonight or tomorrow while it lastsss?ü§£hihi,0,0,0,0,0,0,0,0,0,0,0,0,,1,0,1,0,0,2,0,0,0,0,0,FALSE,FALSE,FALSE,FALSE,FALSE,FALSE,STAY
Me.M, How are you mamü•∫,0,0,0,0,0,0,0,0,0,0,0,0,,1,0,0,0,1,2,0,0,0,0,0,FALSE,FALSE,FALSE,FALSE,FALSE,FALSE,STAY
Me.M, Huahahah ohh okeey gpp mamüòÇ,0,0,0,0,0,0,0,0,0,0,0,0,,1,0,0,0,1,2,0,0,0,0,0,FALSE,FALSE,FALSE,FALSE,FALSE,FALSE,STAY
Housies1, I can pi k up tmr üòÜ,0,0,0,0,0,0,0,0,0,0,0,0,,1,0,1,0,0,2,0,0,0,0,0,FALSE,FALSE,FALSE,FALSE,FALSE,FALSE,STAY
Me.H, I engga sherr thankyouu‚ù§Ô∏è,1,0,0,0,0,0,0,0,0,0,1,1,,0,0,0,0,0,0,0,0,0,0,0,FALSE,FALSE,FALSE,FALSE,FALSE,FALSE,STAY
Housies1, I JG BARU TAU I MAU KE GEREJA,0,0,0,0,0,0,0,0,0,0,0,0,,0,0,0,0,0,0,0,0,0,0,0,TRUE,FALSE,TRUE,FALSE,FALSE,FALSE,STAY
Housies1, I jg change my mind pengen indomie tiba2ü§£,0,0,0,0,0,0,0,0,0,0,0,0,,1,0,1,0,0,2,0,0,0,0,0,FALSE,FALSE,FALSE,FALSE,FALSE,FALSE,STAY
Me.H, I never saw this!!,0,0,0,0,0,0,0,0,0,0,0,0,,0,0,0,0,0,0,2,0,0,0,2,FALSE,FALSE,FALSE,FALSE,FALSE,FALSE,STAY
Housies1, I'm gooood thank u jo‚ò∫Ô∏è,0,0,0,0,0,0,0,0,0,0,0,0,,1,0,1,0,0,2,0,0,0,0,0,FALSE,FALSE,FALSE,FALSE,FALSE,FALSE,STAY
Me.H, Im good jesiiüíú thank uu,0,0,0,1,0,0,0,0,0,0,1,1,,0,0,0,0,0,0,0,0,0,0,0,FALSE,FALSE,FALSE,FALSE,FALSE,FALSE,STAY
Me.M, Iya ade baik2 kok mamm.. lg lmyn bnyk stress sih hehehe ü•≤ makanya blom sempet nelponn,0,0,0,0,0,0,0,0,0,0,0,0,,1,0,0,0,1,2,0,0,0,0,0,FALSE,FALSE,FALSE,FALSE,FALSE,FALSE,STAY
Mom," Iya de, santaai üòÉ",0,0,0,0,0,0,0,0,0,0,0,0,,1,1,0,0,0,2,0,0,0,0,0,FALSE,FALSE,FALSE,FALSE,FALSE,FALSE,STAY
Housies1, IYA ILUSIüòÇ,0,0,0,0,0,0,0,0,0,0,0,0,,1,0,1,0,0,2,0,0,0,0,0,TRUE,FALSE,TRUE,FALSE,FALSE,FALSE,STAY
Housies1, Iya it's timeü§£,0,0,0,0,0,0,0,0,0,0,0,0,,1,0,1,0,0,2,0,0,0,0,0,FALSE,FALSE,FALSE,FALSE,FALSE,FALSE,STAY
Housies1, IYA WOY,0,0,0,0,0,0,0,0,0,0,0,0,,0,0,0,0,0,0,0,0,0,0,0,TRUE,FALSE,TRUE,FALSE,FALSE,FALSE,STAY
Me.M, Iyaa - meski ade belom tau ini ngerjainnya gimana ato hasilnya kyk apaüòÇ,0,0,0,0,0,0,0,0,0,0,0,0,,1,0,0,0,1,2,0,0,0,0,0,FALSE,FALSE,FALSE,FALSE,FALSE,FALSE,STAY
Mom, Iyaa nanti mom ksh pot yg besar 2 üòÅ,0,0,0,0,0,0,0,0,0,0,0,0,,1,1,0,0,0,2,0,0,0,0,0,FALSE,FALSE,FALSE,FALSE,FALSE,FALSE,STAY
Mom, Iyaa puji Tuhan de ‚ù§Ô∏è semoga ga balik lg üôèüèªüôèüèªüôèüèª,1,0,0,0,0,0,0,1,0,0,0,1,,0,0,0,0,0,0,0,0,0,0,0,FALSE,FALSE,FALSE,FALSE,FALSE,FALSE,STAY
Me.M, Iyaahüíñ Tuhan baik,0,0,1,0,0,0,0,0,0,0,1,1,,0,0,0,0,0,0,0,0,0,0,0,FALSE,FALSE,FALSE,FALSE,FALSE,FALSE,STAY
Housies1, Kalo delivery kenapa2üòÇ,0,0,0,0,0,0,0,0,0,0,0,0,,1,0,1,0,0,2,0,0,0,0,0,FALSE,FALSE,FALSE,FALSE,FALSE,FALSE,STAY
Me.H, KALO MO HOTPOT JG JGN JD APR,0,0,0,0,0,0,0,0,0,0,0,0,,0,0,0,0,0,0,0,0,0,0,0,TRUE,FALSE,FALSE,FALSE,TRUE,FALSE,STAY
Mom, Kepencet de üòÖüòÖüòÖ,0,0,0,0,0,0,0,0,0,0,0,0,,3,3,0,0,0,6,0,0,0,0,0,FALSE,FALSE,FALSE,FALSE,FALSE,FALSE,STAY
Mom, Kereeeen ‚ù§Ô∏èüòç,1,1,0,0,0,0,0,2,0,0,0,2,,0,0,0,0,0,0,0,0,0,0,0,FALSE,FALSE,FALSE,FALSE,FALSE,FALSE,STAY
Housies1, Kok kyot disiniüòÇ,0,0,0,0,0,0,0,0,0,0,0,0,,1,0,1,0,0,2,0,0,0,0,0,FALSE,FALSE,FALSE,FALSE,FALSE,FALSE,STAY
Mom," Krn ep tau rumahnya de, dl khan dia sempet tinggal disana. Kalo adik2nya ga tau ü•∫",0,0,0,0,0,0,0,0,0,0,0,0,,1,1,0,0,0,2,0,0,0,0,0,FALSE,FALSE,FALSE,FALSE,FALSE,FALSE,STAY
Me.M, Makin lama psti makin full ituüòÇ,0,0,0,0,0,0,0,0,0,0,0,0,,1,0,0,0,1,2,0,0,0,0,0,FALSE,FALSE,FALSE,FALSE,FALSE,FALSE,STAY
Me.M, Masuk akal jgaaüòÇ,0,0,0,0,0,0,0,0,0,0,0,0,,1,0,0,0,1,2,0,0,0,0,0,FALSE,FALSE,FALSE,FALSE,FALSE,FALSE,STAY
Me.M, Mau telp kah mamm hr ini? üíï,0,0,0,0,1,0,0,0,0,0,1,1,,0,0,0,0,0,0,0,0,0,0,0,FALSE,FALSE,FALSE,FALSE,FALSE,FALSE,STAY
Me.H, may i get Garden Goodness plssüòä,0,0,0,0,0,0,0,0,0,0,0,0,,1,0,0,0,1,2,0,0,0,0,0,FALSE,FALSE,FALSE,FALSE,FALSE,FALSE,STAY
Housies1, Me too!!! Is like dia pet himself ü§£,0,0,0,0,0,0,0,0,0,0,0,0,,1,0,1,0,0,2,3,0,3,0,0,FALSE,FALSE,FALSE,FALSE,FALSE,FALSE,STAY
Housies2, Meüôãüèª‚Äç‚ôÄÔ∏è,0,0,0,0,0,0,0,0,0,0,0,0,,1,0,1,0,0,2,0,0,0,0,0,FALSE,FALSE,FALSE,FALSE,FALSE,FALSE,STAY
Housies1, MINUTES,0,0,0,0,0,0,0,0,0,0,0,0,,0,0,0,0,0,0,0,0,0,0,0,TRUE,FALSE,TRUE,FALSE,FALSE,FALSE,STAY
Mom, ‚ÄéMissed voice call,0,0,0,0,0,0,0,0,0,0,0,0,,0,0,0,0,0,0,0,0,0,0,0,FALSE,FALSE,FALSE,FALSE,FALSE,TRUE,STAY
Mom, Mom jg üò≠,0,0,0,0,0,0,0,0,0,0,0,0,,1,1,0,0,0,2,0,0,0,0,0,FALSE,FALSE,FALSE,FALSE,FALSE,FALSE,STAY
Mom, Mom jg ga tau de üòî,0,0,0,0,0,0,0,0,0,0,0,0,,1,1,0,0,0,2,0,0,0,0,0,FALSE,FALSE,FALSE,FALSE,FALSE,FALSE,STAY
Mom," Mom putusin dl aja ya, besok mom cerita",0,0,0,0,0,0,0,0,0,0,0,0,,1,1,0,0,0,2,0,0,0,0,0,FALSE,FALSE,FALSE,FALSE,FALSE,FALSE,STAY
Me.H, Morning! Anyone up for coffee? üíõ,0,0,0,1,0,0,0,0,0,0,1,1,,0,0,0,0,0,0,1,0,0,0,1,FALSE,FALSE,FALSE,FALSE,FALSE,FALSE,STAY
Housies1, Morning!!!,0,0,0,0,0,0,0,0,0,0,0,0,,0,0,0,0,0,0,3,0,3,0,0,FALSE,FALSE,FALSE,FALSE,FALSE,FALSE,STAY
Me.H, NGEDRILL NYA HRS BANGET YAA JAM 10 MALEM,0,0,0,0,0,0,0,0,0,0,0,0,,0,0,0,0,0,0,0,0,0,0,0,TRUE,FALSE,FALSE,FALSE,TRUE,FALSE,STAY
Housies1, Nopeee anything üòÇ,0,0,0,0,0,0,0,0,0,0,0,0,,1,0,1,0,0,2,0,0,0,0,0,FALSE,FALSE,FALSE,FALSE,FALSE,FALSE,STAY
Me.M, Ntar ade halo2 yaa‚ù§Ô∏è,1,0,0,0,0,0,0,0,0,0,1,1,,0,0,0,0,0,0,0,0,0,0,0,FALSE,FALSE,FALSE,FALSE,FALSE,FALSE,STAY
Me.H, Oh iyaa can! Thankyouuüß°,0,0,0,1,0,0,0,0,0,0,1,1,,0,0,0,0,0,0,1,0,0,0,1,FALSE,FALSE,FALSE,FALSE,FALSE,FALSE,STAY
Housies1, Ohh okeyyy‚ù§Ô∏è,1,0,0,0,0,0,0,0,1,0,0,1,,0,0,0,0,0,0,0,0,0,0,0,FALSE,FALSE,FALSE,FALSE,FALSE,FALSE,STAY
Housies1, OHNO,0,0,0,0,0,0,0,0,0,0,0,0,,0,0,0,0,0,0,0,0,0,0,0,TRUE,FALSE,TRUE,FALSE,FALSE,FALSE,STAY
Me.H, Okaay!,0,0,0,0,0,0,0,0,0,0,0,0,,0,0,0,0,0,0,1,0,0,0,1,FALSE,FALSE,FALSE,FALSE,FALSE,FALSE,STAY
Me.M, Okayy sounds good mami‚ù§Ô∏è,1,0,0,0,0,0,0,0,0,0,1,1,,0,0,0,0,0,0,0,0,0,0,0,FALSE,FALSE,FALSE,FALSE,FALSE,FALSE,STAY
Me.H, Okayy! Kita liat yg msh ada apa yaa,0,0,0,0,0,0,0,0,0,0,0,0,,0,0,0,0,0,0,1,0,0,0,1,FALSE,FALSE,FALSE,FALSE,FALSE,FALSE,STAY
Housies2, Okayyüòä,0,0,0,0,0,0,0,0,0,0,0,0,,1,0,1,0,0,2,0,0,0,0,0,FALSE,FALSE,FALSE,FALSE,FALSE,FALSE,STAY
Housies1, Okeyy besok pagi I analisa pake senterü§£Hahhahahaha,0,0,0,0,0,0,0,0,0,0,0,0,,1,0,1,0,0,2,0,0,0,0,0,FALSE,FALSE,FALSE,FALSE,FALSE,FALSE,STAY
Housies1, OMGOSH YUMMMMMM,0,0,0,0,0,0,0,0,0,0,0,0,,0,0,0,0,0,0,0,0,0,0,0,TRUE,FALSE,TRUE,FALSE,FALSE,FALSE,STAY
Housies1, One of these whichever looks nicer üòÜ,0,0,0,0,0,0,0,0,0,0,0,0,,1,0,1,0,0,2,0,0,0,0,0,FALSE,FALSE,FALSE,FALSE,FALSE,FALSE,STAY
Mom," Ooh iya.. siip, bsk berkabar yaa üòÉ",0,0,0,0,0,0,0,0,0,0,0,0,,1,1,0,0,0,2,0,0,0,0,0,FALSE,FALSE,FALSE,FALSE,FALSE,FALSE,STAY
Mom, Ooh siiip üòÉ,0,0,0,0,0,0,0,0,0,0,0,0,,1,1,0,0,0,2,0,0,0,0,0,FALSE,FALSE,FALSE,FALSE,FALSE,FALSE,STAY
Mom, Oooh üòÉ ya visit kelly nkali ya de,0,0,0,0,0,0,0,0,0,0,0,0,,1,1,0,0,0,2,0,0,0,0,0,FALSE,FALSE,FALSE,FALSE,FALSE,FALSE,STAY
Me.M, OoohhüòÇ haha ade kaget,0,0,0,0,0,0,0,0,0,0,0,0,,1,0,0,0,1,2,0,0,0,0,0,FALSE,FALSE,FALSE,FALSE,FALSE,FALSE,STAY
Mom, Pas mau make up.. maleeeesnyaaa üôÑ,0,0,0,0,0,0,0,0,0,0,0,0,,1,1,0,0,0,2,0,0,0,0,0,FALSE,FALSE,FALSE,FALSE,FALSE,FALSE,STAY
Me.M, pelaaaan pelanü§£,0,0,0,0,0,0,0,0,0,0,0,0,,1,0,0,0,1,2,0,0,0,0,0,FALSE,FALSE,FALSE,FALSE,FALSE,FALSE,STAY
Housies1, Penasaran how woolies toorak look like wkkwü§£,0,0,0,0,0,0,0,0,0,0,0,0,,1,0,1,0,0,2,0,0,0,0,0,FALSE,FALSE,FALSE,FALSE,FALSE,FALSE,STAY
Me.M, permasakan hari iniiü•∞,0,0,0,0,0,0,1,0,0,0,1,1,,0,0,0,0,0,0,0,0,0,0,0,FALSE,FALSE,FALSE,FALSE,FALSE,FALSE,STAY
Mom," Puji Tuhan üôèüèª tp emang bagus kok project itu, mom sukaa üòç",0,1,0,0,0,0,0,1,0,0,0,1,,0,0,0,0,0,0,0,0,0,0,0,FALSE,FALSE,FALSE,FALSE,FALSE,FALSE,STAY
Mom, Puji Tuhan mom baik¬≤ de ü§ó,0,0,0,0,0,0,0,0,0,0,0,0,,1,1,0,0,0,2,0,0,0,0,0,FALSE,FALSE,FALSE,FALSE,FALSE,FALSE,STAY
Housies1, R u guys ok with this rice?üòÅ,0,0,0,0,0,0,0,0,0,0,0,0,,1,0,1,0,0,2,0,0,0,0,0,FALSE,FALSE,FALSE,FALSE,FALSE,FALSE,STAY
Mom, Salam buat Sharen de ü§ó,0,0,0,0,0,0,0,0,0,0,0,0,,1,1,0,0,0,2,0,0,0,0,0,FALSE,FALSE,FALSE,FALSE,FALSE,FALSE,STAY
Me.M, Salam tantee ktnyaüòÇ,0,0,0,0,0,0,0,0,0,0,0,0,,1,0,0,0,1,2,0,0,0,0,0,FALSE,FALSE,FALSE,FALSE,FALSE,FALSE,STAY
Me.M, Sama2 bertamasya ü§™,0,0,0,0,0,0,0,0,0,0,0,0,,1,0,0,0,1,2,0,0,0,0,0,FALSE,FALSE,FALSE,FALSE,FALSE,FALSE,STAY
Housies1, Sbb üòÇ,0,0,0,0,0,0,0,0,0,0,0,0,,1,0,1,0,0,2,0,0,0,0,0,FALSE,FALSE,FALSE,FALSE,FALSE,FALSE,STAY
Mom," Sedih bgt ya, kasian ep üò≠ nathan jg cerita sambil bramba",0,0,0,0,0,0,0,0,0,0,0,0,,1,1,0,0,0,2,0,0,0,0,0,FALSE,FALSE,FALSE,FALSE,FALSE,FALSE,STAY
Mom, Sek bsk mom tanya kaka ya yg anak2nya br vaksin üòÇ,0,0,0,0,0,0,0,0,0,0,0,0,,1,1,0,0,0,2,0,0,0,0,0,FALSE,FALSE,FALSE,FALSE,FALSE,FALSE,STAY
Me.M, Semoga lancar aja ya tp mamm‚ù§Ô∏è hehhee,1,0,0,0,0,0,0,0,0,0,1,1,,0,0,0,0,0,0,0,0,0,0,0,FALSE,FALSE,FALSE,FALSE,FALSE,FALSE,STAY
Housies1, Semua diskon 40 yaüß°,0,0,0,1,0,0,0,0,1,0,0,1,,0,0,0,0,0,0,0,0,0,0,0,FALSE,FALSE,FALSE,FALSE,FALSE,FALSE,STAY
Mom," Seneng yaaa üòç ketemu komunitas baru, saling bagi ilmu, trs jg motivasi buat kita gt liat skill & talent org2 üòÉ",0,1,0,0,0,0,0,1,0,0,0,1,,1,1,0,0,0,2,0,0,0,0,0,FALSE,FALSE,FALSE,FALSE,FALSE,FALSE,STAY
Housies2, She also just new a few hours ago dia ke grejaüòÇüòÇ,0,0,0,0,0,0,0,0,0,0,0,0,,2,0,2,0,0,4,0,0,0,0,0,FALSE,FALSE,FALSE,FALSE,FALSE,FALSE,STAY
Housies1, SHOKYOT THE PLACE BTW,0,0,0,0,0,0,0,0,0,0,0,0,,0,0,0,0,0,0,0,0,0,0,0,TRUE,FALSE,TRUE,FALSE,FALSE,FALSE,STAY
Mom, Siiip ü§ó,0,0,0,0,0,0,0,0,0,0,0,0,,1,1,0,0,0,2,0,0,0,0,0,FALSE,FALSE,FALSE,FALSE,FALSE,FALSE,STAY
Mom, Siiip ah üòç,0,1,0,0,0,0,0,1,0,0,0,1,,0,0,0,0,0,0,0,0,0,0,0,FALSE,FALSE,FALSE,FALSE,FALSE,FALSE,STAY
Me.H, Sippooooüòâ,0,0,0,0,0,0,0,0,0,0,0,0,,1,0,0,0,1,2,0,0,0,0,0,FALSE,FALSE,FALSE,FALSE,FALSE,FALSE,STAY
Housies1, So I'll trf 15üòÜ,0,0,0,0,0,0,0,0,0,0,0,0,,1,0,1,0,0,2,0,0,0,0,0,FALSE,FALSE,FALSE,FALSE,FALSE,FALSE,STAY
Housies2, Soalnya jujur males ngangkatüòÇ,0,0,0,0,0,0,0,0,0,0,0,0,,1,0,1,0,0,2,0,0,0,0,0,FALSE,FALSE,FALSE,FALSE,FALSE,FALSE,STAY
Housies1, Sorry polloü•∫,0,0,0,0,0,0,0,0,0,0,0,0,,1,0,1,0,0,2,0,0,0,0,0,FALSE,FALSE,FALSE,FALSE,FALSE,FALSE,STAY
Me.M, Sorry ya ade blm bisa hr ini mam td abis meeting maleman jg ü•∫,0,0,0,0,0,0,0,0,0,0,0,0,,1,0,0,0,1,2,0,0,0,0,0,FALSE,FALSE,FALSE,FALSE,FALSE,FALSE,STAY
Mom, Sudah de üòÅ,0,0,0,0,0,0,0,0,0,0,0,0,,1,1,0,0,0,2,0,0,0,0,0,FALSE,FALSE,FALSE,FALSE,FALSE,FALSE,STAY
Me.H, THANK U JESHIII‚ù§Ô∏è omg uda pada makan yah,1,0,0,0,0,0,0,0,0,0,1,1,,0,0,0,0,0,0,0,0,0,0,0,FALSE,FALSE,FALSE,FALSE,FALSE,FALSE,STAY
Me.H, thank uuüíï,0,0,0,0,1,0,0,0,0,0,1,1,,0,0,0,0,0,0,0,0,0,0,0,FALSE,FALSE,FALSE,FALSE,FALSE,FALSE,STAY
Me.H, thats mor like itüòÇ,0,0,0,0,0,0,0,0,0,0,0,0,,1,0,0,0,1,2,0,0,0,0,0,FALSE,FALSE,FALSE,FALSE,FALSE,FALSE,STAY
Housies1, This is 20 dollar ya so 6 dollar pp ‚ò∫Ô∏è thankschu,0,0,0,0,0,0,0,0,0,0,0,0,,1,0,1,0,0,2,0,0,0,0,0,FALSE,FALSE,FALSE,FALSE,FALSE,FALSE,STAY
Me.H, This is sooo cuteüòÇ ilusi,0,0,0,0,0,0,0,0,0,0,0,0,,1,0,0,0,1,2,0,0,0,0,0,FALSE,FALSE,FALSE,FALSE,FALSE,FALSE,STAY
Housies1, This weekend?üòÇ,0,0,0,0,0,0,0,0,0,0,0,0,,1,0,1,0,0,2,0,0,0,0,0,FALSE,FALSE,FALSE,FALSE,FALSE,FALSE,STAY
Housies1, Tp is white thoü•≤,0,0,0,0,0,0,0,0,0,0,0,0,,1,0,1,0,0,2,0,0,0,0,0,FALSE,FALSE,FALSE,FALSE,FALSE,FALSE,STAY
Housies1, Tp kalo pagi jg gabisa sihü•≤üòÇ,0,0,0,0,0,0,0,0,0,0,0,0,,2,0,2,0,0,4,0,0,0,0,0,FALSE,FALSE,FALSE,FALSE,FALSE,FALSE,STAY
Housies1, U*,0,0,0,0,0,0,0,0,0,0,0,0,,0,0,0,0,0,0,0,0,0,0,0,TRUE,FALSE,TRUE,FALSE,FALSE,FALSE,STAY
Housies1, UkiüòÇ,0,0,0,0,0,0,0,0,0,0,0,0,,1,0,1,0,0,2,0,0,0,0,0,FALSE,FALSE,FALSE,FALSE,FALSE,FALSE,STAY
Housies1, UKIII,0,0,0,0,0,0,0,0,0,0,0,0,,0,0,0,0,0,0,0,0,0,0,0,TRUE,FALSE,TRUE,FALSE,FALSE,FALSE,STAY
Housies1, Ukiiii I trfffüòÜthanku jooo,0,0,0,0,0,0,0,0,0,0,0,0,,1,0,1,0,0,2,0,0,0,0,0,FALSE,FALSE,FALSE,FALSE,FALSE,FALSE,STAY
Housies1, Unless if your grocery ga nyampe minimum nya yauda can sekalian üòÇ,0,0,0,0,0,0,0,0,0,0,0,0,,1,0,1,0,0,2,0,0,0,0,0,FALSE,FALSE,FALSE,FALSE,FALSE,FALSE,STAY
Housies1, Until Sunday üòÜ,0,0,0,0,0,0,0,0,0,0,0,0,,1,0,1,0,0,2,0,0,0,0,0,FALSE,FALSE,FALSE,FALSE,FALSE,FALSE,STAY
Housies2, Uuuu okküòç,0,1,0,0,0,0,0,0,1,0,0,1,,0,0,0,0,0,0,0,0,0,0,0,FALSE,FALSE,FALSE,FALSE,FALSE,FALSE,STAY
Housies1, UUUUUU inchesting,0,0,0,0,0,0,0,0,0,0,0,0,,0,0,0,0,0,0,0,0,0,0,0,TRUE,FALSE,TRUE,FALSE,FALSE,FALSE,STAY
Me.M, Waaah cakep mammüòçüòç,0,2,0,0,0,0,0,0,0,0,2,2,,0,0,0,0,0,0,0,0,0,0,0,FALSE,FALSE,FALSE,FALSE,FALSE,FALSE,STAY
Mom, Waaah enaaak üòçüòã,0,1,0,0,0,0,0,1,0,0,0,1,,0,0,0,0,0,0,0,0,0,0,0,FALSE,FALSE,FALSE,FALSE,FALSE,FALSE,STAY
Housies1, We can do weekend?üòÅ plus movie day/night wkwk,0,0,0,0,0,0,0,0,0,0,0,0,,1,0,1,0,0,2,0,0,0,0,0,FALSE,FALSE,FALSE,FALSE,FALSE,FALSE,STAY
Housies2, Will be a workout tho 10kgüòÇ,0,0,0,0,0,0,0,0,0,0,0,0,,1,0,1,0,0,2,0,0,0,0,0,FALSE,FALSE,FALSE,FALSE,FALSE,FALSE,STAY
Me.H, WKWKW,0,0,0,0,0,0,0,0,0,0,0,0,,0,0,0,0,0,0,0,0,0,0,0,TRUE,FALSE,FALSE,FALSE,TRUE,FALSE,STAY
Me.H, WKWKWK GPP SAY JANGANüòÇ wkt pulang ajaah,0,0,0,0,0,0,0,0,0,0,0,0,,1,0,0,0,1,2,0,0,0,0,0,FALSE,FALSE,FALSE,FALSE,FALSE,FALSE,STAY
Me.H, WKWKWKW,0,0,0,0,0,0,0,0,0,0,0,0,,0,0,0,0,0,0,0,0,0,0,0,TRUE,FALSE,FALSE,FALSE,TRUE,FALSE,STAY
Mom, Woooww ü§© congrats ade üòçüòçüòç,0,3,0,0,0,0,0,3,0,0,0,3,,0,0,0,0,0,0,0,0,0,0,0,FALSE,FALSE,FALSE,FALSE,FALSE,FALSE,STAY
Mom, Yaaayyy ü§©üíÉüèªü•≥,0,0,0,0,0,0,0,0,0,0,0,0,,1,1,0,0,0,2,0,0,0,0,0,FALSE,FALSE,FALSE,FALSE,FALSE,FALSE,STAY
Mom," Yaay üòç lancar yaa.. usahakan tdr ckp seblm vaksin, biar daya tahan tubuh baik üëçüèª",0,1,0,0,0,0,0,1,0,0,0,1,,1,1,0,0,0,2,0,0,0,0,0,FALSE,FALSE,FALSE,FALSE,FALSE,FALSE,STAY
Housies1, Yeshü§£,0,0,0,0,0,0,0,0,0,0,0,0,,1,0,1,0,0,2,0,0,0,0,0,FALSE,FALSE,FALSE,FALSE,FALSE,FALSE,STAY
Housies1, YESHHH HIHIHI,0,0,0,0,0,0,0,0,0,0,0,0,,0,0,0,0,0,0,0,0,0,0,0,TRUE,FALSE,TRUE,FALSE,FALSE,FALSE,STAY
Housies1, Yeshhh!,0,0,0,0,0,0,0,0,0,0,0,0,,0,0,0,0,0,0,1,0,1,0,0,FALSE,FALSE,FALSE,FALSE,FALSE,FALSE,STAY
Housies2, Yess first day of springüåº,0,0,0,0,0,0,0,0,0,0,0,0,,1,0,1,0,0,2,0,0,0,0,0,FALSE,FALSE,FALSE,FALSE,FALSE,FALSE,STAY
Besties3,‚ù§,1,0,0,0,0,0,0,0,0,1,0,1,,0,0,0,0,0,0,0,0,0,0,0,TRUE,FALSE,FALSE,FALSE,TRUE,FALSE,STAY
Me.B,‚ù§,1,0,0,0,0,0,0,0,0,0,1,1,,0,0,0,0,0,0,0,0,0,0,0,TRUE,FALSE,FALSE,FALSE,FALSE,FALSE,STAY
Besties2,‚ù§,1,0,0,0,0,0,0,0,0,1,0,1,,0,0,0,0,0,0,0,0,0,0,0,TRUE,FALSE,FALSE,TRUE,FALSE,FALSE,STAY
Besties3,‚ù§,1,0,0,0,0,0,0,0,0,1,0,1,,0,0,0,0,0,0,0,0,0,0,0,TRUE,FALSE,FALSE,FALSE,FALSE,FALSE,STAY
Besties1,‚ù§,1,0,0,0,0,0,0,0,0,1,0,1,,0,0,0,0,0,0,0,0,0,0,0,TRUE,FALSE,FALSE,TRUE,FALSE,FALSE,STAY
Besties1,‚ù§,1,0,0,0,0,0,0,0,0,1,0,1,,0,0,0,0,0,0,0,0,0,0,0,TRUE,FALSE,FALSE,TRUE,FALSE,FALSE,STAY
Besties3,‚ù§,1,0,0,0,0,0,0,0,0,1,0,1,,0,0,0,0,0,0,0,0,0,0,0,TRUE,FALSE,FALSE,FALSE,FALSE,FALSE,STAY
Besties2,‚ù§,1,0,0,0,0,0,0,0,0,1,0,1,,0,0,0,0,0,0,0,0,0,0,0,TRUE,FALSE,FALSE,TRUE,TRUE,FALSE,STAY
Me.B,‚ù§,1,0,0,0,0,0,0,0,0,0,1,1,,0,0,0,0,0,0,0,0,0,0,0,TRUE,FALSE,FALSE,FALSE,FALSE,FALSE,STAY
Besties2,‚ù§,1,0,0,0,0,0,0,0,0,1,0,1,,0,0,0,0,0,0,0,0,0,0,0,TRUE,FALSE,FALSE,TRUE,FALSE,FALSE,STAY
Besties3,‚ù§,1,0,0,0,0,0,0,0,0,1,0,1,,0,0,0,0,0,0,0,0,0,0,0,TRUE,FALSE,FALSE,FALSE,TRUE,FALSE,STAY
Me.B,‚ù§,1,0,0,0,0,0,0,0,0,0,1,1,,0,0,0,0,0,0,0,0,0,0,0,TRUE,FALSE,FALSE,TRUE,FALSE,FALSE,STAY
Besties3,‚ù§,1,0,0,0,0,0,0,0,0,1,0,1,,0,0,0,0,0,0,0,0,0,0,0,TRUE,FALSE,FALSE,FALSE,FALSE,FALSE,STAY
Besties2,‚ù§,1,0,0,0,0,0,0,0,0,1,0,1,,0,0,0,0,0,0,0,0,0,0,0,TRUE,FALSE,FALSE,TRUE,FALSE,FALSE,STAY
Besties3,‚ù§,1,0,0,0,0,0,0,0,0,1,0,1,,0,0,0,0,0,0,0,0,0,0,0,TRUE,FALSE,FALSE,FALSE,FALSE,FALSE,STAY
Besties1,‚ù§,1,0,0,0,0,0,0,0,0,1,0,1,,0,0,0,0,0,0,0,0,0,0,0,TRUE,FALSE,FALSE,TRUE,FALSE,FALSE,STAY
Besties2,‚ù§,1,0,0,0,0,0,0,0,0,1,0,1,,0,0,0,0,0,0,0,0,0,0,0,TRUE,FALSE,FALSE,TRUE,FALSE,FALSE,STAY
Besties2,‚ù§,1,0,0,0,0,0,0,0,0,1,0,1,,0,0,0,0,0,0,0,0,0,0,0,TRUE,FALSE,FALSE,TRUE,FALSE,FALSE,STAY
Besties3,üëÄ,0,0,0,0,0,0,0,0,0,0,0,0,,1,0,0,1,0,2,0,0,0,0,0,TRUE,FALSE,FALSE,FALSE,FALSE,FALSE,STAY
Besties2,üëÄüëÄüëÄ,0,0,0,0,0,0,0,0,0,0,0,0,,3,0,0,3,0,6,0,0,0,0,0,TRUE,FALSE,FALSE,TRUE,FALSE,FALSE,STAY
Besties1,üëç,0,0,0,0,0,0,0,0,0,0,0,0,,1,0,0,1,0,2,0,0,0,0,0,TRUE,FALSE,FALSE,TRUE,FALSE,FALSE,STAY
Besties3,üëç,0,0,0,0,0,0,0,0,0,0,0,0,,1,0,0,1,0,2,0,0,0,0,0,TRUE,FALSE,FALSE,FALSE,TRUE,FALSE,STAY
Me.B,ü•≥ü•≥ü•≥,0,0,0,0,0,0,0,0,0,0,0,0,,3,0,0,0,3,6,0,0,0,0,0,TRUE,FALSE,FALSE,FALSE,FALSE,FALSE,STAY
Besties1,ü•∫,0,0,0,0,0,0,0,0,0,0,0,0,,1,0,0,1,0,2,0,0,0,0,0,TRUE,FALSE,FALSE,TRUE,FALSE,FALSE,STAY
Besties2,ü¶¶,0,0,0,0,0,0,0,0,0,0,0,0,,0,0,0,0,0,0,0,0,0,0,0,TRUE,FALSE,FALSE,TRUE,TRUE,FALSE,STAY
Me.B,üßê,0,0,0,0,0,0,0,0,0,0,0,0,,0,0,0,0,0,0,0,0,0,0,0,TRUE,FALSE,FALSE,FALSE,FALSE,FALSE,STAY
Besties1,üòÜ,0,0,0,0,0,0,0,0,0,0,0,0,,1,0,0,1,0,2,0,0,0,0,0,TRUE,FALSE,FALSE,TRUE,TRUE,FALSE,STAY
Me.B,üòÜ,0,0,0,0,0,0,0,0,0,0,0,0,,1,0,0,0,1,2,0,0,0,0,0,TRUE,FALSE,FALSE,FALSE,FALSE,FALSE,STAY
Besties1,üòÜ,0,0,0,0,0,0,0,0,0,0,0,0,,1,0,0,1,0,2,0,0,0,0,0,TRUE,FALSE,FALSE,TRUE,FALSE,FALSE,STAY
Besties1,üòÆ,0,0,0,0,0,0,0,0,0,0,0,0,,1,0,0,1,0,2,0,0,0,0,0,TRUE,FALSE,FALSE,TRUE,FALSE,FALSE,STAY
Besties1,üòÆ,0,0,0,0,0,0,0,0,0,0,0,0,,1,0,0,1,0,2,0,0,0,0,0,TRUE,FALSE,FALSE,TRUE,FALSE,FALSE,STAY
Besties1,üòÆ,0,0,0,0,0,0,0,0,0,0,0,0,,1,0,0,1,0,2,0,0,0,0,0,TRUE,FALSE,FALSE,TRUE,FALSE,FALSE,STAY
Besties1,üòÆ,0,0,0,0,0,0,0,0,0,0,0,0,,1,0,0,1,0,2,0,0,0,0,0,TRUE,FALSE,FALSE,TRUE,FALSE,FALSE,STAY
Besties1,üôè,0,0,0,0,0,0,0,0,0,0,0,0,,1,0,0,1,0,2,0,0,0,0,0,TRUE,FALSE,FALSE,TRUE,FALSE,FALSE,STAY
Besties2,7 works just fine for me! But whenever is okay as long as it works for everyone,0,0,0,0,0,0,0,0,0,0,0,0,,0,0,0,0,0,0,1,0,0,1,0,FALSE,FALSE,FALSE,FALSE,FALSE,FALSE,STAY
Me.B,And dont mind any movie!,0,0,0,0,0,0,0,0,0,0,0,0,,0,0,0,0,0,0,1,0,0,0,1,FALSE,FALSE,FALSE,FALSE,FALSE,FALSE,STAY
Me.B,AW,0,0,0,0,0,0,0,0,0,0,0,0,,0,0,0,0,0,0,0,0,0,0,0,TRUE,FALSE,FALSE,FALSE,FALSE,FALSE,STAY
Besties2,Channeling that Peabody energy with the puns I see üëÄ,0,0,0,0,0,0,0,0,0,0,0,0,,1,0,0,1,0,2,0,0,0,0,0,FALSE,FALSE,FALSE,FALSE,FALSE,FALSE,STAY
Besties2,Down! Is it okay if we start a little later?,0,0,0,0,0,0,0,0,0,0,0,0,,0,0,0,0,0,0,1,0,0,1,0,FALSE,FALSE,FALSE,FALSE,FALSE,FALSE,STAY
Besties2,Excuse you‚Ä¶ it‚Äôs PERFECT,0,0,0,0,0,0,0,0,0,0,0,0,,0,0,0,0,0,0,0,0,0,0,0,TRUE,FALSE,FALSE,TRUE,FALSE,FALSE,STAY
Besties3,Fantastic fox lesdoit!,0,0,0,0,0,0,0,0,0,0,0,0,,0,0,0,0,0,0,1,0,0,1,0,FALSE,FALSE,FALSE,FALSE,FALSE,FALSE,STAY
Besties3,for those who wanna join first!,0,0,0,0,0,0,0,0,0,0,0,0,,0,0,0,0,0,0,1,0,0,1,0,FALSE,FALSE,FALSE,FALSE,FALSE,FALSE,STAY
Besties2,Gotta do some stuff after work!,0,0,0,0,0,0,0,0,0,0,0,0,,0,0,0,0,0,0,1,0,0,1,0,FALSE,FALSE,FALSE,FALSE,FALSE,FALSE,STAY
Besties2,"Hahaha alrightyy, I‚Äôll see you guys soon!",0,0,0,0,0,0,0,0,0,0,0,0,,0,0,0,0,0,0,1,0,0,1,0,FALSE,FALSE,FALSE,FALSE,FALSE,FALSE,STAY
Besties3,HECK YEEEE,0,0,0,0,0,0,0,0,0,0,0,0,,0,0,0,0,0,0,0,0,0,0,0,TRUE,FALSE,FALSE,TRUE,FALSE,FALSE,STAY
Besties3,Hello! We still good for tomorrow? I don‚Äôt remember if we decided what to watch üòÇ,0,0,0,0,0,0,0,0,0,0,0,0,,1,0,0,1,0,2,1,0,0,1,0,FALSE,FALSE,FALSE,FALSE,FALSE,FALSE,STAY
Besties2,Hey ya‚Äôll! I‚Äôm going to be 10 - 15 mins late. Just going to shower and cook some dinner\n\nFeel free to hop on a call or start the movie. I‚Äôll catch up!,0,0,0,0,0,0,0,0,0,0,0,0,,0,0,0,0,0,0,2,0,0,2,0,FALSE,FALSE,FALSE,FALSE,FALSE,FALSE,STAY
Besties3,https://us02web.zoom.us/j/83326668978?pwd=bGprZjFnOGQxb3NVdHV2OWFyUFZyZz09,0,0,0,0,0,0,0,0,0,0,0,0,,0,0,0,0,0,0,0,0,0,0,0,FALSE,FALSE,FALSE,FALSE,FALSE,TRUE,STAY
Besties3,https://us02web.zoom.us/j/88242856587?pwd=QzdYT1ZKem1lS2RMNmZoZUZjR0x0QT09,0,0,0,0,0,0,0,0,0,0,0,0,,0,0,0,0,0,0,0,0,0,0,0,FALSE,FALSE,FALSE,FALSE,FALSE,TRUE,STAY
Besties1,https://us04web.zoom.us/j/76038542994?pwd=dE1vbUZEbUVsVU1SWEs5QktNYTF3dz09,0,0,0,0,0,0,0,0,0,0,0,0,,0,0,0,0,0,0,0,0,0,0,0,FALSE,FALSE,FALSE,FALSE,FALSE,TRUE,STAY
Besties2,https://zoom.us/j/3538151292?pwd=NlYxeDlxSGVUUHVVN0wrSmx3U0NsUT09,0,0,0,0,0,0,0,0,0,0,0,0,,0,0,0,0,0,0,0,0,0,0,0,FALSE,FALSE,FALSE,FALSE,FALSE,TRUE,STAY
Besties2,https://zoom.us/j/3538151292?pwd=NlYxeDlxSGVUUHVVN0wrSmx3U0NsUT09,0,0,0,0,0,0,0,0,0,0,0,0,,0,0,0,0,0,0,0,0,0,0,0,FALSE,FALSE,FALSE,FALSE,FALSE,TRUE,STAY
Me.B,im gettin my toastieüß°üß°,0,0,0,2,0,0,0,0,0,0,2,2,,0,0,0,0,0,0,0,0,0,0,0,FALSE,FALSE,FALSE,FALSE,FALSE,FALSE,STAY
Besties2,It‚Äôs a plan!,0,0,0,0,0,0,0,0,0,0,0,0,,0,0,0,0,0,0,1,0,0,1,0,FALSE,FALSE,FALSE,FALSE,FALSE,FALSE,STAY
Besties3,Its beak is so janky I LOVE IT,0,0,0,0,0,0,0,0,0,0,0,0,,0,0,0,0,0,0,0,0,0,0,0,TRUE,FALSE,FALSE,TRUE,FALSE,FALSE,STAY
Besties3,ITS BEAUTIFUL,0,0,0,0,0,0,0,0,0,0,0,0,,0,0,0,0,0,0,0,0,0,0,0,TRUE,FALSE,FALSE,FALSE,FALSE,FALSE,STAY
Besties1,jellllly!,0,0,0,0,0,0,0,0,0,0,0,0,,0,0,0,0,0,0,1,0,0,1,0,FALSE,FALSE,FALSE,FALSE,FALSE,FALSE,STAY
Besties3,Join Zoom Meeting\nhttps://us02web.zoom.us/j/84409479292?pwd=czB6eitXUjZaK1M4UFJjc1JJMGRwZz09\n\nMeeting ID: 844 0947 9292\nPasscode: f0nhDr,0,0,0,0,0,0,0,0,0,0,0,0,,0,0,0,0,0,0,0,0,0,0,0,FALSE,FALSE,FALSE,FALSE,FALSE,TRUE,STAY
Besties3,Join Zoom Meeting\nhttps://us02web.zoom.us/j/84587296794?pwd=aE1SOWJGNU9RWnQ4bUMwTXZwMzV5UT09\n\nMeeting ID: 845 8729 6794\nPasscode: 9QpEB4\n\n\nhttps://redirect.teleparty.com/join/1e045f2ff3c97609,0,0,0,0,0,0,0,0,0,0,0,0,,0,0,0,0,0,0,0,0,0,0,0,FALSE,FALSE,FALSE,FALSE,FALSE,TRUE,STAY
Me.B,Les do it!! Same me too :‚Äô),0,0,0,0,0,0,0,0,0,0,0,0,,0,0,0,0,0,0,2,0,0,0,2,FALSE,FALSE,FALSE,FALSE,FALSE,FALSE,STAY
Besties3,No kimchi toastie BUT SAMMICH WAS BOMB,0,0,0,0,0,0,0,0,0,0,0,0,,0,0,0,0,0,0,0,0,0,0,0,TRUE,FALSE,FALSE,TRUE,FALSE,FALSE,STAY
Besties3,OMG,0,0,0,0,0,0,0,0,0,0,0,0,,0,0,0,0,0,0,0,0,0,0,0,TRUE,FALSE,FALSE,FALSE,FALSE,FALSE,STAY
Besties2,"Same here! But since we brought up some claymation options.. maybe we‚Äôll go for that\n\nPlus, I think Fantastic Mr Fox is on netflix",0,0,0,0,0,0,0,0,0,0,0,0,,0,0,0,0,0,0,1,0,0,1,0,FALSE,FALSE,FALSE,FALSE,FALSE,FALSE,STAY
Besties3,Should reach in 3 week estimation!,0,0,0,0,0,0,0,0,0,0,0,0,,0,0,0,0,0,0,1,0,0,1,0,FALSE,FALSE,FALSE,FALSE,FALSE,FALSE,STAY
Besties3,SO CLOSE YET SO FAR ENJOY,0,0,0,0,0,0,0,0,0,0,0,0,,0,0,0,0,0,0,0,0,0,0,0,TRUE,FALSE,FALSE,FALSE,TRUE,FALSE,STAY
Me.B,"so sorry, pls go & watch first if we are watching something!!",0,0,0,0,0,0,0,0,0,0,0,0,,0,0,0,0,0,0,2,0,0,0,2,FALSE,FALSE,FALSE,FALSE,FALSE,FALSE,STAY
Besties3,SORRY,0,0,0,0,0,0,0,0,0,0,0,0,,0,0,0,0,0,0,0,0,0,0,0,TRUE,FALSE,FALSE,FALSE,FALSE,FALSE,STAY
Besties2,to be continued.. YOUNG PEOPLE UNITE,0,0,0,0,0,0,0,0,0,0,0,0,,0,0,0,0,0,0,0,0,0,0,0,TRUE,FALSE,FALSE,TRUE,FALSE,FALSE,STAY
Besties3,We leave no one behind! We‚Äôll wait for you :) i also might be around 5-10 mins latee,0,0,0,0,0,0,0,0,0,0,0,0,,0,0,0,0,0,0,1,0,0,1,0,FALSE,FALSE,FALSE,FALSE,FALSE,FALSE,STAY
Besties1,we still on for tonight otter squad?!,0,0,0,0,0,0,0,0,0,0,0,0,,0,0,0,0,0,0,1,0,0,1,0,FALSE,FALSE,FALSE,FALSE,FALSE,FALSE,STAY
Besties3,WE WAITT,0,0,0,0,0,0,0,0,0,0,0,0,,0,0,0,0,0,0,0,0,0,0,0,TRUE,FALSE,FALSE,FALSE,FALSE,FALSE,STAY
Besties1,Weeew thanks crew! See you an otter time ü¶¶üôÉ heheh,0,0,0,0,0,0,0,0,0,0,0,0,,0,0,0,0,0,0,1,0,0,1,0,FALSE,FALSE,FALSE,FALSE,FALSE,FALSE,STAY
Besties1,Woop woop sounds greeeeat!,0,0,0,0,0,0,0,0,0,0,0,0,,0,0,0,0,0,0,1,0,0,1,0,FALSE,FALSE,FALSE,FALSE,FALSE,FALSE,STAY
Besties1,Yes!! 7 again?,0,0,0,0,0,0,0,0,0,0,0,0,,0,0,0,0,0,0,2,0,0,2,0,FALSE,FALSE,FALSE,FALSE,FALSE,FALSE,STAY
Me.B,Yess works for meeeüíïüíï ive missed yalls,0,0,0,0,2,0,0,0,0,0,2,2,,0,0,0,0,0,0,0,0,0,0,0,FALSE,FALSE,FALSE,#REF!,#REF!,FALSE,STAY